episode,interval_end,max_lor,gen_initial_mw,gen_target_mw,pump_initial_mw,pump_target_mw,gen_bid_availability_mw,gen_raisereg_target_mw,pump_raisereg_target_mw,gen_raise5min_target_mw,pump_raise5min_target_mw,gen_raise60sec_target_mw,pump_raise60sec_target_mw,gen_raise6sec_target_mw,pump_raise6sec_target_mw,gen_lowerreg_target_mw,pump_lowerreg_target_mw,gen_lower5min_target_mw,pump_lower5min_target_mw,gen_lower60sec_target_mw,pump_lower60sec_target_mw,gen_lower6sec_target_mw,pump_lower6sec_target_mw,gen_raiseregavailability_mw,gen_raise6secactualavailability_mw,gen_raise60secactualavailability_mw,gen_raise5minactualavailability_mw,gen_lowerregavailability_mw,W_HOE1_initialmw,W_HOE1_totalcleared,W_HOE1_agcstatus,W_HOE1_availability,W_HOE2_initialmw,W_HOE2_totalcleared,W_HOE2_agcstatus,W_HOE2_availability,PUMP1_initialmw,PUMP1_totalcleared,PUMP1_agcstatus,PUMP1_availability,PUMP2_initialmw,PUMP2_totalcleared,PUMP2_agcstatus,PUMP2_availability
EP25_01,2025-01-22 17:35:00,2,166.45,185.0,0.0,0.0,544.0,25.0,0.0,0.0,0.0,0.0,0.0,0.0,0.0,5.0,0.0,0.0,0.0,0.0,0.0,0.0,0.0,125.0,0.0,0.0,0.0,62.0,0.0,20.0,0,272.0,166.45,165.0,1,272.0,0.0,0.0,0,0.0,0.0,0.0,0,0.0
EP25_01,2025-01-22 17:40:00,2,175.28999,330.0,0.0,0.0,544.0,25.0,0.0,0.0,0.0,0.0,0.0,0.0,0.0,5.0,0.0,0.0,0.0,0.0,0.0,0.0,0.0,125.0,0.0,0.0,0.0,62.0,0.0,165.0,0,272.0,175.28999,165.0,1,272.0,0.0,0.0,0,0.0,0.0,0.0,0,0.0
EP25_01,2025-01-22 17:45:00,2,341.39999,330.0,0.0,0.0,544.0,25.0,0.0,0.0,0.0,0.0,0.0,0.0,0.0,5.0,0.0,0.0,0.0,0.0,0.0,0.0,0.0,125.0,0.0,0.0,0.0,62.0,165.8,165.0,0,272.0,175.59999,165.0,1,272.0,0.0,0.0,0,0.0,0.0,0.0,0,0.0
EP25_01,2025-01-22 17:50:00,2,348.57,380.0,0.0,0.0,544.0,25.0,0.0,0.0,0.0,0.0,0.0,0.0,0.0,5.0,0.0,0.0,0.0,0.0,0.0,0.0,0.0,125.0,0.0,0.0,0.0,62.0,164.98,215.0,1,272.0,183.59,165.0,1,272.0,0.0,0.0,0,0.0,0.0,0.0,0,0.0
EP25_01,2025-01-22 17:55:00,2,404.21000000000004,380.0,0.0,0.0,544.0,25.0,0.0,0.0,0.0,0.0,0.0,0.0,0.0,5.0,0.0,0.0,0.0,0.0,0.0,0.0,0.0,125.0,0.0,0.0,0.0,62.0,215.87,215.0,1,272.0,188.34,165.0,1,272.0,0.0,0.0,0,0.0,0.0,0.0,0,0.0
EP25_01,2025-01-22 18:00:00,2,396.49998,385.41328999999996,0.0,0.0,544.0,19.0,0.0,0.0,0.0,0.0,0.0,0.0,0.0,5.0,0.0,0.0,0.0,0.0,0.0,0.0,0.0,125.0,0.0,0.0,0.0,62.0,214.56999,220.41329,1,272.0,181.92999,165.0,1,272.0,0.0,0.0,0,0.0,0.0,0.0,0,0.0
EP25_01,2025-01-22 18:05:00,2,393.82998,380.0,0.0,0.0,544.0,71.0,0.0,0.0,0.0,0.0,0.0,0.0,0.0,0.0,0.0,0.0,0.0,0.0,0.0,0.0,0.0,250.0,0.0,0.0,0.0,124.0,219.92999,215.0,1,272.0,173.89999,165.0,1,272.0,0.0,0.0,0,0.0,0.0,0.0,0,0.0
EP25_01,2025-01-22 18:10:00,2,410.67999,380.0,0.0,0.0,544.0,50.0,0.0,0.0,0.0,0.0,0.0,0.0,0.0,0.0,0.0,0.0,0.0,0.0,0.0,0.0,0.0,250.0,0.0,0.0,0.0,124.0,225.83,215.0,1,272.0,184.84999,165.0,1,272.0,0.0,0.0,0,0.0,0.0,0.0,0,0.0
EP25_01,2025-01-22 18:15:00,2,398.69998999999996,380.0,0.0,0.0,544.0,50.0,0.0,0.0,0.0,0.0,0.0,0.0,0.0,0.0,0.0,0.0,0.0,0.0,0.0,0.0,0.0,250.0,0.0,0.0,0.0,124.0,224.28999,215.0,1,272.0,174.41,165.0,1,272.0,0.0,0.0,0,0.0,0.0,0.0,0,0.0
EP25_01,2025-01-22 18:20:00,2,415.36,436.50293,0.0,0.0,544.0,38.49707,0.0,0.0,0.0,0.0,0.0,0.0,0.0,0.0,0.0,0.0,0.0,0.0,0.0,0.0,0.0,250.0,0.0,0.0,0.0,124.0,233.28,271.50293,1,272.0,182.08,165.0,1,272.0,0.0,0.0,0,0.0,0.0,0.0,0,0.0
EP25_01,2025-01-22 18:25:00,2,467.23996999999997,530.1403,0.0,0.0,544.0,39.0,0.0,0.0,0.0,0.0,0.0,0.0,0.0,0.0,0.0,0.0,0.0,0.0,0.0,0.0,0.0,250.0,0.0,0.0,0.0,124.0,280.47998,272.0,1,272.0,186.75999,258.1403,1,272.0,0.0,0.0,0,0.0,0.0,0.0,0,0.0
EP25_01,2025-01-22 18:30:00,2,544.25,446.51616,0.0,0.0,544.0,48.0,0.0,0.0,0.0,0.0,0.0,0.0,0.0,7.0,0.0,0.0,0.0,0.0,0.0,0.0,0.0,250.0,0.0,0.0,0.0,124.0,275.64999,272.0,1,272.0,268.60001,174.51616,1,272.0,0.0,0.0,0,0.0,0.0,0.0,0,0.0
EP25_01,2025-01-22 18:35:00,2,476.55998,400.71636,0.0,0.0,542.0,51.0,0.0,0.0,0.0,0.0,0.0,0.0,0.0,10.0,0.0,0.0,0.0,0.0,0.0,0.0,0.0,250.0,0.0,0.0,0.0,124.0,278.73999,235.71636,1,270.0,197.81999,165.0,1,272.0,0.0,0.0,0,0.0,0.0,0.0,0,0.0
EP25_01,2025-01-22 18:40:00,2,439.72,525.5779,0.0,0.0,542.0,40.0,0.0,0.0,0.0,0.0,0.0,0.0,0.0,0.0,0.0,0.0,0.0,0.0,0.0,0.0,0.0,250.0,0.0,0.0,0.0,124.0,255.47,270.0,1,270.0,184.25,255.5779,1,272.0,0.0,0.0,0,0.0,0.0,0.0,0,0.0
EP25_01,2025-01-22 18:45:00,2,559.8899899999999,535.94075,0.0,0.0,542.0,34.05925,0.0,0.0,0.0,0.0,0.0,0.0,0.0,4.0,0.0,0.0,0.0,0.0,0.0,0.0,0.0,250.0,0.0,0.0,0.0,124.0,283.09,270.0,1,270.0,276.79999,265.94075,1,272.0,0.0,0.0,0,0.0,0.0,0.0,0,0.0
EP25_01,2025-01-22 18:50:00,2,564.78,538.42817,0.0,0.0,542.0,31.57183,0.0,0.0,0.0,0.0,0.0,0.0,0.0,8.0,0.0,0.0,0.0,0.0,0.0,0.0,0.0,250.0,0.0,0.0,0.0,124.0,282.41,270.0,1,270.0,282.37,268.42817,1,272.0,0.0,0.0,0,0.0,0.0,0.0,0,0.0
EP25_01,2025-01-22 18:55:00,2,563.7099900000001,516.55939,0.0,0.0,542.0,53.44061,0.0,0.0,0.0,0.0,0.0,0.0,0.0,0.0,0.0,0.0,0.0,0.0,0.0,0.0,0.0,250.0,0.0,0.0,0.0,124.0,281.72,270.0,1,270.0,281.98999,246.55939,1,272.0,0.0,0.0,0,0.0,0.0,0.0,0,0.0
EP25_01,2025-01-22 19:00:00,2,559.50998,454.8983,0.0,0.0,542.0,38.88998,0.0,0.0,0.0,0.0,0.0,0.0,0.0,10.0,0.0,0.0,0.0,0.0,0.0,0.0,0.0,250.0,0.0,0.0,0.0,124.0,281.19998,270.0,1,270.0,278.31,184.8983,1,272.0,0.0,0.0,0,0.0,0.0,0.0,0,0.0
EP25_01,2025-01-22 19:05:00,2,486.36998,467.37372,0.0,0.0,540.0,39.85001,0.0,0.0,0.0,0.0,0.0,0.0,0.0,10.0,0.0,0.0,0.0,0.0,0.0,0.0,0.0,250.0,0.0,0.0,0.0,124.0,277.97998,268.0,1,268.0,208.39,199.37372,1,272.0,0.0,0.0,0,0.0,0.0,0.0,0,0.0
EP25_01,2025-01-22 19:10:00,2,498.75,465.04314999999997,0.0,0.0,540.0,41.0,0.0,0.0,0.0,0.0,0.0,0.0,0.0,0.0,0.0,0.0,0.0,0.0,0.0,0.0,0.0,250.0,0.0,0.0,0.0,124.0,278.53,268.0,1,268.0,220.22,197.04315,1,272.0,0.0,0.0,0,0.0,0.0,0.0,0,0.0
EP25_01,2025-01-22 19:15:00,2,503.35998,405.89571,0.0,0.0,540.0,50.0,0.0,0.0,0.0,0.0,0.0,0.0,0.0,10.0,0.0,0.0,0.0,0.0,0.0,0.0,0.0,250.0,0.0,0.0,0.0,124.0,277.89999,240.89571,1,268.0,225.45999,165.0,1,272.0,0.0,0.0,0,0.0,0.0,0.0,0,0.0
EP25_01,2025-01-22 19:20:00,2,439.89999,380.0,0.0,0.0,540.0,50.0,0.0,0.0,0.0,0.0,0.0,0.0,0.0,0.0,0.0,0.0,0.0,0.0,0.0,0.0,0.0,250.0,0.0,0.0,0.0,124.0,257.25,215.0,1,268.0,182.64999,165.0,1,272.0,0.0,0.0,0,0.0,0.0,0.0,0,0.0
EP25_01,2025-01-22 19:25:00,2,408.15,380.0,0.0,0.0,540.0,50.0,0.0,0.0,0.0,0.0,0.0,0.0,0.0,3.0,0.0,0.0,0.0,0.0,0.0,0.0,0.0,250.0,0.0,0.0,0.0,124.0,229.73,215.0,1,268.0,178.42,165.0,1,272.0,0.0,0.0,0,0.0,0.0,0.0,0,0.0
EP25_01,2025-01-22 19:30:00,2,398.55998,380.0,0.0,0.0,540.0,50.0,0.0,0.0,0.0,0.0,0.0,0.0,0.0,10.0,0.0,0.0,0.0,0.0,0.0,0.0,0.0,250.0,0.0,0.0,0.0,124.0,224.26999,215.0,1,268.0,174.28999,165.0,1,272.0,0.0,0.0,0,0.0,0.0,0.0,0,0.0
EP25_01,2025-01-22 19:35:00,2,411.68998999999997,380.0,0.0,0.0,535.0,50.0,0.0,0.0,0.0,0.0,0.0,0.0,0.0,10.0,0.0,0.0,0.0,0.0,0.0,0.0,0.0,250.0,0.0,0.0,0.0,124.0,230.29999,215.0,1,265.0,181.39,165.0,1,270.0,0.0,0.0,0,0.0,0.0,0.0,0,0.0
EP25_01,2025-01-22 19:40:00,2,409.48,380.0,0.0,0.0,535.0,50.7742,0.0,0.0,0.0,0.0,0.0,0.0,0.0,10.0,0.0,0.0,0.0,0.0,0.0,0.0,0.0,250.0,0.0,0.0,0.0,124.0,228.42,215.0,1,265.0,181.06,165.0,1,270.0,0.0,0.0,0,0.0,0.0,0.0,0,0.0
EP25_01,2025-01-22 19:45:00,2,399.44998,380.0,0.0,0.0,535.0,50.0,0.0,0.0,0.0,0.0,0.0,0.0,0.0,0.0,0.0,0.0,0.0,0.0,0.0,0.0,0.0,250.0,0.0,0.0,0.0,124.0,223.98999,215.0,1,265.0,175.45999,165.0,1,270.0,0.0,0.0,0,0.0,0.0,0.0,0,0.0
EP25_01,2025-01-22 19:50:00,2,398.83000000000004,330.0,0.0,0.0,535.0,50.0,0.0,0.0,0.0,0.0,0.0,0.0,0.0,0.0,0.0,0.0,0.0,0.0,0.0,0.0,0.0,250.0,0.0,0.0,0.0,124.0,224.5,165.0,1,265.0,174.33,165.0,1,270.0,0.0,0.0,0,0.0,0.0,0.0,0,0.0
EP25_01,2025-01-22 19:55:00,2,375.42999,330.0,0.0,0.0,535.0,61.0,0.0,0.0,0.0,0.0,0.0,0.0,0.0,10.0,0.0,0.0,0.0,0.0,0.0,0.0,0.0,250.0,0.0,0.0,0.0,124.0,188.14999,165.0,1,265.0,187.28,165.0,1,270.0,0.0,0.0,0,0.0,0.0,0.0,0,0.0
EP25_01,2025-01-22 20:00:00,2,378.11,330.0,0.0,0.0,535.0,10.0,0.0,0.0,0.0,0.0,0.0,0.0,0.0,0.0,0.0,0.0,0.0,0.0,0.0,0.0,0.0,250.0,0.0,0.0,0.0,124.0,183.8,165.0,1,265.0,194.31,165.0,1,270.0,0.0,0.0,0,0.0,0.0,0.0,0,0.0
EP25_01,2025-01-22 20:05:00,2,337.48999000000003,330.0,0.0,0.0,535.0,50.0,0.0,0.0,0.0,0.0,0.0,0.0,0.0,0.0,0.0,0.0,0.0,0.0,0.0,0.0,0.0,250.0,0.0,0.0,0.0,124.0,169.72,165.0,1,265.0,167.76999,165.0,1,270.0,0.0,0.0,0,0.0,0.0,0.0,0,0.0
EP25_01,2025-01-22 20:10:00,2,350.08000000000004,330.0,0.0,0.0,535.0,50.0,0.0,0.0,0.0,0.0,0.0,0.0,0.0,0.0,0.0,0.0,0.0,0.0,0.0,0.0,0.0,250.0,0.0,0.0,0.0,124.0,175.5,165.0,1,265.0,174.58,165.0,1,270.0,0.0,0.0,0,0.0,0.0,0.0,0,0.0
EP25_01,2025-01-22 20:15:00,2,349.76999,330.0,0.0,0.0,535.0,50.0,0.0,0.0,0.0,0.0,0.0,0.0,0.0,0.0,0.0,0.0,0.0,0.0,0.0,0.0,0.0,250.0,0.0,0.0,0.0,124.0,174.28999,165.0,1,265.0,175.48,165.0,1,270.0,0.0,0.0,0,0.0,0.0,0.0,0,0.0
EP25_02,2025-06-04 18:05:00,1,352.86,330.0,0.0,0.0,570.0,5.0,0.0,0.0,0.0,0.0,0.0,0.0,0.0,0.0,0.0,0.0,0.0,0.0,0.0,0.0,0.0,250.0,0.0,0.0,0.0,124.0,166.31,165.0,1,285.0,186.55,165.0,1,285.0,0.0,0.0,0,0.0,0.0,0.0,0,0.0
EP25_02,2025-06-04 18:10:00,1,332.65999,330.0,0.0,0.0,570.0,5.0,0.0,0.0,0.0,0.0,0.0,0.0,0.0,0.0,0.0,0.0,0.0,0.0,0.0,0.0,0.0,250.0,0.0,0.0,0.0,124.0,167.73,165.0,1,285.0,164.92999,165.0,1,285.0,0.0,0.0,0,0.0,0.0,0.0,0,0.0
EP25_02,2025-06-04 18:15:00,1,332.34999,330.0,0.0,0.0,570.0,20.0,0.0,0.0,0.0,0.0,0.0,0.0,0.0,10.0,0.0,0.0,0.0,0.0,0.0,0.0,0.0,250.0,0.0,0.0,0.0,124.0,168.28,165.0,1,285.0,164.06999,165.0,1,285.0,0.0,0.0,0,0.0,0.0,0.0,0,0.0
EP25_02,2025-06-04 18:20:00,1,337.08000000000004,330.0,0.0,0.0,570.0,18.0,0.0,0.0,0.0,0.0,0.0,0.0,0.0,0.0,0.0,0.0,0.0,0.0,0.0,0.0,0.0,250.0,0.0,0.0,0.0,124.0,168.11,165.0,1,285.0,168.97,165.0,1,285.0,0.0,0.0,0,0.0,0.0,0.0,0,0.0
EP25_02,2025-06-04 18:25:00,1,335.32998999999995,330.0,0.0,0.0,570.0,5.0,0.0,0.0,0.0,0.0,0.0,0.0,0.0,10.0,0.0,0.0,0.0,0.0,0.0,0.0,0.0,250.0,0.0,0.0,0.0,124.0,167.87999,165.0,1,285.0,167.45,165.0,1,285.0,0.0,0.0,0,0.0,0.0,0.0,0,0.0
EP25_02,2025-06-04 18:30:00,1,329.42999,330.0,0.0,0.0,570.0,5.0,0.0,0.0,0.0,0.0,0.0,0.0,0.0,0.0,0.0,0.0,0.0,0.0,0.0,0.0,0.0,250.0,0.0,0.0,0.0,124.0,164.75,165.0,1,285.0,164.67999,165.0,1,285.0,0.0,0.0,0,0.0,0.0,0.0,0,0.0
EP25_02,2025-06-04 18:35:00,1,166.06999,330.0,0.0,0.0,570.0,0.0,0.0,0.0,0.0,0.0,0.0,0.0,0.0,5.0,0.0,0.0,0.0,0.0,0.0,0.0,0.0,250.0,0.0,0.0,0.0,124.0,0.0,165.0,0,285.0,166.06999,165.0,1,285.0,0.0,0.0,0,0.0,0.0,0.0,0,0.0
EP25_02,2025-06-04 18:40:00,1,164.95999,225.0,0.0,0.0,285.0,0.0,0.0,0.0,0.0,0.0,0.0,0.0,0.0,0.0,0.0,0.0,0.0,0.0,0.0,0.0,0.0,250.0,0.0,0.0,0.0,124.0,0.0,0.0,0,0.0,164.95999,225.0,1,285.0,0.0,0.0,0,0.0,0.0,0.0,0,0.0
EP25_02,2025-06-04 18:45:00,1,224.17,278.54246,0.0,0.0,285.0,0.0,0.0,0.0,0.0,0.0,0.0,0.0,0.0,0.0,0.0,0.0,0.0,0.0,0.0,0.0,0.0,250.0,0.0,0.0,0.0,124.0,0.0,0.0,0,0.0,224.17,278.54246,1,285.0,0.0,0.0,0,0.0,0.0,0.0,0,0.0
EP25_02,2025-06-04 18:50:00,1,277.12,269.5704,0.0,0.0,285.0,10.0,0.0,0.0,0.0,0.0,0.0,0.0,0.0,0.0,0.0,0.0,0.0,0.0,0.0,0.0,0.0,250.0,0.0,0.0,0.0,124.0,0.0,0.0,0,0.0,277.12,269.5704,1,285.0,0.0,0.0,0,0.0,0.0,0.0,0,0.0
EP25_02,2025-06-04 18:55:00,1,276.60999,225.0,0.0,0.0,285.0,10.0,0.0,0.0,0.0,0.0,0.0,0.0,0.0,5.0,0.0,0.0,0.0,0.0,0.0,0.0,0.0,250.0,0.0,0.0,0.0,124.0,0.0,0.0,0,0.0,276.60999,225.0,1,285.0,0.0,0.0,0,0.0,0.0,0.0,0,0.0
EP25_02,2025-06-04 19:00:00,1,229.98,278.91,0.0,0.0,285.0,0.0,0.0,0.0,0.0,0.0,0.0,0.0,0.0,0.0,0.0,0.0,0.0,0.0,0.0,0.0,0.0,250.0,0.0,0.0,0.0,124.0,0.0,0.0,0,0.0,229.98,278.91,1,285.0,0.0,0.0,0,0.0,0.0,0.0,0,0.0
EP25_02,2025-06-04 19:05:00,1,275.44998,278.91,0.0,0.0,285.0,0.0,0.0,0.0,0.0,0.0,0.0,0.0,0.0,0.0,0.0,0.0,0.0,0.0,0.0,0.0,0.0,250.0,0.0,0.0,0.0,124.0,0.0,0.0,0,0.0,275.44998,278.91,1,285.0,0.0,0.0,0,0.0,0.0,0.0,0,0.0
EP25_02,2025-06-04 19:10:00,1,274.57999,230.39545,0.0,0.0,285.0,0.0,0.0,0.0,0.0,0.0,0.0,0.0,0.0,0.0,0.0,0.0,0.0,0.0,0.0,0.0,0.0,250.0,0.0,0.0,0.0,124.0,0.0,0.0,0,0.0,274.57999,230.39545,1,285.0,0.0,0.0,0,0.0,0.0,0.0,0,0.0
EP25_02,2025-06-04 19:15:00,1,229.31999,225.0,0.0,0.0,285.0,0.0,0.0,0.0,0.0,0.0,0.0,0.0,0.0,0.0,0.0,0.0,0.0,0.0,0.0,0.0,0.0,250.0,0.0,0.0,0.0,124.0,0.0,0.0,0,0.0,229.31999,225.0,1,285.0,0.0,0.0,0,0.0,0.0,0.0,0,0.0
EP25_02,2025-06-04 19:20:00,1,224.73,225.0,0.0,0.0,285.0,25.0,0.0,0.0,0.0,0.0,0.0,0.0,0.0,0.0,0.0,0.0,0.0,0.0,0.0,0.0,0.0,250.0,0.0,0.0,0.0,124.0,0.0,0.0,0,0.0,224.73,225.0,1,285.0,0.0,0.0,0,0.0,0.0,0.0,0,0.0
EP25_02,2025-06-04 19:25:00,1,231.73999,265.88,0.0,0.0,285.0,11.0,0.0,0.0,0.0,0.0,0.0,0.0,0.0,5.0,0.0,0.0,0.0,0.0,0.0,0.0,0.0,250.0,0.0,0.0,0.0,124.0,0.0,0.0,0,0.0,231.73999,265.88,1,285.0,0.0,0.0,0,0.0,0.0,0.0,0,0.0
EP25_02,2025-06-04 19:30:00,1,267.44,245.0,0.0,0.0,570.0,25.0,0.0,0.0,0.0,0.0,0.0,0.0,0.0,0.0,0.0,0.0,0.0,0.0,0.0,0.0,0.0,250.0,0.0,0.0,0.0,124.0,0.0,20.0,0,285.0,267.44,225.0,1,285.0,0.0,0.0,0,0.0,0.0,0.0,0,0.0
EP25_02,2025-06-04 19:35:00,1,253.11,330.0,0.0,0.0,570.0,25.0,0.0,0.0,0.0,0.0,0.0,0.0,0.0,5.0,0.0,0.0,0.0,0.0,0.0,0.0,0.0,250.0,0.0,0.0,0.0,124.0,20.0,165.0,0,285.0,233.11,165.0,1,285.0,0.0,0.0,0,0.0,0.0,0.0,0,0.0
EP25_02,2025-06-04 19:40:00,1,328.57999,330.0,0.0,0.0,570.0,20.0,0.0,0.0,0.0,0.0,0.0,0.0,0.0,10.0,0.0,0.0,0.0,0.0,0.0,0.0,0.0,250.0,0.0,0.0,0.0,124.0,162.98999,165.0,1,285.0,165.59,165.0,1,285.0,0.0,0.0,0,0.0,0.0,0.0,0,0.0
EP25_02,2025-06-04 19:45:00,1,332.72999,330.0,0.0,0.0,570.0,5.0,0.0,0.0,0.0,0.0,0.0,0.0,0.0,10.0,0.0,0.0,0.0,0.0,0.0,0.0,0.0,250.0,0.0,0.0,0.0,124.0,165.97,165.0,1,285.0,166.75999,165.0,1,285.0,0.0,0.0,0,0.0,0.0,0.0,0,0.0
EP25_03,2025-06-11 19:05:00,1,272.69,272.0,0.0,0.0,272.0,0.0,0.0,0.0,0.0,0.0,0.0,0.0,0.0,0.0,0.0,0.0,0.0,0.0,0.0,0.0,0.0,112.0,0.0,0.0,0.0,0.0,0.0,0.0,0,0.0,272.69,272.0,1,272.0,0.0,0.0,0,0.0,0.0,0.0,0,0.0
EP25_03,2025-06-11 19:10:00,1,271.70999,272.0,0.0,0.0,272.0,0.0,0.0,0.0,0.0,0.0,0.0,0.0,0.0,0.0,0.0,0.0,0.0,0.0,0.0,0.0,0.0,112.0,0.0,0.0,0.0,0.0,0.0,0.0,0,0.0,271.70999,272.0,1,272.0,0.0,0.0,0,0.0,0.0,0.0,0,0.0
EP25_03,2025-06-11 19:15:00,1,271.19998,272.0,0.0,0.0,272.0,0.0,0.0,0.0,0.0,0.0,0.0,0.0,0.0,0.0,0.0,0.0,0.0,0.0,0.0,0.0,0.0,112.0,0.0,0.0,0.0,0.0,0.0,0.0,0,0.0,271.19998,272.0,1,272.0,0.0,0.0,0,0.0,0.0,0.0,0,0.0
EP25_03,2025-06-11 19:20:00,1,270.75998,217.74466,0.0,0.0,272.0,54.25534,0.0,0.0,0.0,0.0,0.0,0.0,0.0,0.0,0.0,0.0,0.0,0.0,0.0,0.0,0.0,112.0,0.0,0.0,0.0,0.0,0.0,0.0,0,0.0,270.75998,217.74466,1,272.0,0.0,0.0,0,0.0,0.0,0.0,0,0.0
EP25_03,2025-06-11 19:25:00,1,250.79999,257.96433,0.0,0.0,272.0,14.03567,0.0,0.0,0.0,0.0,0.0,0.0,0.0,0.0,0.0,0.0,0.0,0.0,0.0,0.0,0.0,112.0,0.0,0.0,0.0,0.0,0.0,0.0,0,0.0,250.79999,257.96433,1,272.0,0.0,0.0,0,0.0,0.0,0.0,0,0.0
EP25_03,2025-06-11 19:30:00,1,262.03,272.0,0.0,0.0,272.0,0.0,0.0,0.0,0.0,0.0,0.0,0.0,0.0,0.0,0.0,0.0,0.0,0.0,0.0,0.0,0.0,112.0,0.0,0.0,0.0,0.0,0.0,0.0,0,0.0,262.03,272.0,1,272.0,0.0,0.0,0,0.0,0.0,0.0,0,0.0
EP25_03,2025-06-11 19:35:00,1,270.60001,245.0,0.0,0.0,272.0,27.0,0.0,0.0,0.0,0.0,0.0,0.0,0.0,0.0,0.0,0.0,0.0,0.0,0.0,0.0,0.0,112.0,0.0,0.0,0.0,0.0,0.0,0.0,0,0.0,270.60001,245.0,1,272.0,0.0,0.0,0,0.0,0.0,0.0,0,0.0
EP25_03,2025-06-11 19:40:00,1,261.66998,245.0,0.0,0.0,272.0,27.0,0.0,0.0,0.0,0.0,0.0,0.0,0.0,0.0,0.0,0.0,0.0,0.0,0.0,0.0,0.0,112.0,0.0,0.0,0.0,0.0,0.0,0.0,0,0.0,261.66998,245.0,1,272.0,0.0,0.0,0,0.0,0.0,0.0,0,0.0
EP25_03,2025-06-11 19:45:00,1,262.01999,245.0,0.0,0.0,272.0,27.0,0.0,0.0,0.0,0.0,0.0,0.0,0.0,0.0,0.0,0.0,0.0,0.0,0.0,0.0,0.0,112.0,0.0,0.0,0.0,0.0,0.0,0.0,0,0.0,262.01999,245.0,1,272.0,0.0,0.0,0,0.0,0.0,0.0,0,0.0
EP25_04,2025-06-12 06:35:00,1,0.0,0.0,0.0,0.0,254.0,0.0,0.0,0.0,0.0,0.0,0.0,0.0,0.0,0.0,0.0,0.0,0.0,0.0,0.0,0.0,0.0,0.0,0.0,0.0,0.0,0.0,0.0,0.0,0,0.0,0.0,0.0,0,254.0,0.0,0.0,0,0.0,0.0,0.0,0,0.0
EP25_04,2025-06-12 06:40:00,1,0.0,0.0,0.0,0.0,254.0,0.0,0.0,0.0,0.0,0.0,0.0,0.0,0.0,0.0,0.0,0.0,0.0,0.0,0.0,0.0,0.0,0.0,0.0,0.0,0.0,0.0,0.0,0.0,0,0.0,0.0,0.0,0,254.0,0.0,0.0,0,0.0,0.0,0.0,0,0.0
EP25_04,2025-06-12 06:45:00,1,0.0,0.0,0.0,0.0,254.0,0.0,0.0,0.0,0.0,0.0,0.0,0.0,0.0,0.0,0.0,0.0,0.0,0.0,0.0,0.0,0.0,0.0,0.0,0.0,0.0,0.0,0.0,0.0,0,0.0,0.0,0.0,0,254.0,0.0,0.0,0,0.0,0.0,0.0,0,0.0
EP25_04,2025-06-12 06:50:00,1,0.0,0.0,0.0,0.0,254.0,0.0,0.0,0.0,0.0,0.0,0.0,0.0,0.0,0.0,0.0,0.0,0.0,0.0,0.0,0.0,0.0,0.0,0.0,0.0,0.0,0.0,0.0,0.0,0,0.0,0.0,0.0,0,254.0,0.0,0.0,0,0.0,0.0,0.0,0,0.0
EP25_04,2025-06-12 06:55:00,1,0.0,0.0,0.0,0.0,254.0,0.0,0.0,0.0,0.0,0.0,0.0,0.0,0.0,0.0,0.0,0.0,0.0,0.0,0.0,0.0,0.0,0.0,0.0,0.0,0.0,0.0,0.0,0.0,0,0.0,0.0,0.0,0,254.0,0.0,0.0,0,0.0,0.0,0.0,0,0.0
EP25_04,2025-06-12 07:00:00,1,0.0,0.0,0.0,0.0,254.0,0.0,0.0,0.0,0.0,0.0,0.0,0.0,0.0,0.0,0.0,0.0,0.0,0.0,0.0,0.0,0.0,0.0,0.0,0.0,0.0,0.0,0.0,0.0,0,0.0,0.0,0.0,0,254.0,0.0,0.0,0,0.0,0.0,0.0,0,0.0
EP25_04,2025-06-12 07:05:00,1,0.0,0.0,0.0,0.0,254.0,0.0,0.0,0.0,0.0,0.0,0.0,0.0,0.0,0.0,0.0,0.0,0.0,0.0,0.0,0.0,0.0,0.0,0.0,0.0,0.0,0.0,0.0,0.0,0,0.0,0.0,0.0,0,254.0,0.0,0.0,0,0.0,0.0,0.0,0,0.0
EP25_04,2025-06-12 07:10:00,1,0.0,0.0,0.0,0.0,254.0,0.0,0.0,0.0,0.0,0.0,0.0,0.0,0.0,0.0,0.0,0.0,0.0,0.0,0.0,0.0,0.0,0.0,0.0,0.0,0.0,0.0,0.0,0.0,0,0.0,0.0,0.0,0,254.0,0.0,0.0,0,0.0,0.0,0.0,0,0.0
EP25_04,2025-06-12 07:15:00,1,0.0,0.0,0.0,0.0,254.0,0.0,0.0,0.0,0.0,0.0,0.0,0.0,0.0,0.0,0.0,0.0,0.0,0.0,0.0,0.0,0.0,0.0,0.0,0.0,0.0,0.0,0.0,0.0,0,0.0,0.0,0.0,0,254.0,0.0,0.0,0,0.0,0.0,0.0,0,0.0
EP25_04,2025-06-12 07:20:00,1,0.0,0.0,0.0,0.0,254.0,0.0,0.0,0.0,0.0,0.0,0.0,0.0,0.0,0.0,0.0,0.0,0.0,0.0,0.0,0.0,0.0,0.0,0.0,0.0,0.0,0.0,0.0,0.0,0,0.0,0.0,0.0,0,254.0,0.0,0.0,0,0.0,0.0,0.0,0,0.0
EP25_04,2025-06-12 07:25:00,1,0.0,0.0,0.0,0.0,254.0,0.0,0.0,0.0,0.0,0.0,0.0,0.0,0.0,0.0,0.0,0.0,0.0,0.0,0.0,0.0,0.0,0.0,0.0,0.0,0.0,0.0,0.0,0.0,0,0.0,0.0,0.0,0,254.0,0.0,0.0,0,0.0,0.0,0.0,0,0.0
EP25_05,2025-06-14 17:35:00,1,266.31,255.15543,0.0,0.0,544.0,0.0,0.0,0.0,0.0,0.0,0.0,0.0,0.0,0.0,0.0,0.0,0.0,0.0,0.0,0.0,0.0,0.0,0.0,0.0,0.0,0.0,266.31,255.15543,1,272.0,0.0,0.0,0,272.0,0.0,0.0,0,0.0,0.0,0.0,0,0.0
EP25_05,2025-06-14 17:40:00,1,256.38,260.32142,0.0,0.0,544.0,0.0,0.0,0.0,0.0,0.0,0.0,0.0,0.0,0.0,0.0,0.0,0.0,0.0,0.0,0.0,0.0,0.0,0.0,0.0,0.0,0.0,256.38,260.32142,1,272.0,0.0,0.0,0,272.0,0.0,0.0,0,0.0,0.0,0.0,0,0.0
EP25_05,2025-06-14 17:45:00,1,260.64999,265.0,0.0,0.0,544.0,0.0,0.0,0.0,0.0,0.0,0.0,0.0,0.0,0.0,0.0,0.0,0.0,0.0,0.0,0.0,0.0,0.0,0.0,0.0,0.0,0.0,260.64999,265.0,1,272.0,0.0,0.0,0,272.0,0.0,0.0,0,0.0,0.0,0.0,0,0.0
EP25_05,2025-06-14 17:50:00,1,262.06,245.0,0.0,0.0,544.0,0.0,0.0,0.0,0.0,0.0,0.0,0.0,0.0,0.0,0.0,0.0,0.0,0.0,0.0,0.0,0.0,0.0,0.0,0.0,0.0,0.0,262.06,245.0,1,272.0,0.0,0.0,0,272.0,0.0,0.0,0,0.0,0.0,0.0,0,0.0
EP25_05,2025-06-14 17:55:00,1,245.12,265.0,0.0,0.0,544.0,0.0,0.0,0.0,0.0,0.0,0.0,0.0,0.0,0.0,0.0,0.0,0.0,0.0,0.0,0.0,0.0,0.0,0.0,0.0,0.0,0.0,245.12,265.0,1,272.0,0.0,0.0,0,272.0,0.0,0.0,0,0.0,0.0,0.0,0,0.0
EP25_05,2025-06-14 18:00:00,1,263.09,265.0,0.0,0.0,544.0,0.0,0.0,0.0,0.0,0.0,0.0,0.0,0.0,0.0,0.0,0.0,0.0,0.0,0.0,0.0,0.0,0.0,0.0,0.0,0.0,0.0,263.09,265.0,1,272.0,0.0,0.0,0,272.0,0.0,0.0,0,0.0,0.0,0.0,0,0.0
EP25_05,2025-06-14 18:05:00,1,262.94,265.0,0.0,0.0,544.0,0.0,0.0,0.0,0.0,0.0,0.0,0.0,0.0,0.0,0.0,0.0,0.0,0.0,0.0,0.0,0.0,0.0,0.0,0.0,0.0,0.0,262.94,265.0,1,272.0,0.0,0.0,0,272.0,0.0,0.0,0,0.0,0.0,0.0,0,0.0
EP25_06,2025-06-16 06:35:00,1,273.10001,270.0,0.0,0.0,270.0,0.0,0.0,0.0,0.0,0.0,0.0,0.0,0.0,0.0,0.0,0.0,0.0,0.0,0.0,0.0,0.0,0.0,0.0,0.0,0.0,0.0,273.10001,270.0,1,270.0,0.0,0.0,0,0.0,0.0,0.0,0,0.0,0.0,0.0,0,0.0
EP25_06,2025-06-16 06:40:00,1,271.07001,205.0,0.0,0.0,270.0,0.0,0.0,0.0,0.0,0.0,0.0,0.0,0.0,0.0,0.0,0.0,0.0,0.0,0.0,0.0,0.0,0.0,0.0,0.0,0.0,0.0,271.07001,205.0,1,270.0,0.0,0.0,0,0.0,0.0,0.0,0,0.0,0.0,0.0,0,0.0
EP25_06,2025-06-16 06:45:00,1,206.31999,205.0,0.0,0.0,270.0,0.0,0.0,0.0,0.0,0.0,0.0,0.0,0.0,0.0,0.0,0.0,0.0,0.0,0.0,0.0,0.0,0.0,0.0,0.0,0.0,0.0,206.31999,205.0,1,270.0,0.0,0.0,0,0.0,0.0,0.0,0,0.0,0.0,0.0,0,0.0
EP25_06,2025-06-16 06:50:00,1,205.54999,270.0,0.0,0.0,270.0,0.0,0.0,0.0,0.0,0.0,0.0,0.0,0.0,0.0,0.0,0.0,0.0,0.0,0.0,0.0,0.0,0.0,0.0,0.0,0.0,0.0,205.54999,270.0,1,270.0,0.0,0.0,0,0.0,0.0,0.0,0,0.0,0.0,0.0,0,0.0
EP25_06,2025-06-16 06:55:00,1,238.67,270.0,0.0,0.0,270.0,0.0,0.0,0.0,0.0,0.0,0.0,0.0,0.0,0.0,0.0,0.0,0.0,0.0,0.0,0.0,0.0,0.0,0.0,0.0,0.0,0.0,238.67,270.0,1,270.0,0.0,0.0,0,0.0,0.0,0.0,0,0.0,0.0,0.0,0,0.0
EP25_06,2025-06-16 07:00:00,1,262.13998,270.0,0.0,0.0,270.0,0.0,0.0,0.0,0.0,0.0,0.0,0.0,0.0,0.0,0.0,0.0,0.0,0.0,0.0,0.0,0.0,0.0,0.0,0.0,0.0,0.0,262.13998,270.0,1,270.0,0.0,0.0,0,0.0,0.0,0.0,0,0.0,0.0,0.0,0,0.0
EP25_06,2025-06-16 07:05:00,1,270.00998,205.0,0.0,0.0,270.0,0.0,0.0,0.0,0.0,0.0,0.0,0.0,0.0,0.0,0.0,0.0,0.0,0.0,0.0,0.0,0.0,0.0,0.0,0.0,0.0,0.0,270.00998,205.0,1,270.0,0.0,0.0,0,0.0,0.0,0.0,0,0.0,0.0,0.0,0,0.0
EP25_06,2025-06-16 07:10:00,1,206.25,270.0,0.0,0.0,270.0,0.0,0.0,0.0,0.0,0.0,0.0,0.0,0.0,0.0,0.0,0.0,0.0,0.0,0.0,0.0,0.0,0.0,0.0,0.0,0.0,0.0,206.25,270.0,1,270.0,0.0,0.0,0,0.0,0.0,0.0,0,0.0,0.0,0.0,0,0.0
EP25_06,2025-06-16 07:15:00,1,268.38998,270.0,0.0,0.0,270.0,0.0,0.0,0.0,0.0,0.0,0.0,0.0,0.0,0.0,0.0,0.0,0.0,0.0,0.0,0.0,0.0,0.0,0.0,0.0,0.0,0.0,268.38998,270.0,1,270.0,0.0,0.0,0,0.0,0.0,0.0,0,0.0,0.0,0.0,0,0.0